-- ÁREAS
INSERT INTO Areas (AREAID, NOMBRE) VALUES (1, 'Área I: Física, Matemáticas y Ciencias de la Tierra');
INSERT INTO Areas (AREAID, NOMBRE) VALUES (2, 'Área II: Biología y Química');
INSERT INTO Areas (AREAID, NOMBRE) VALUES (3, 'Área III: Medicina y Salud');
INSERT INTO Areas (AREAID, NOMBRE) VALUES (4, 'Área IV: Humanidades y Ciencias de la Conducta');
INSERT INTO Areas (AREAID, NOMBRE) VALUES (5, 'Área V: Sociales y Económicas');
INSERT INTO Areas (AREAID, NOMBRE) VALUES (6, 'Área VI: Biotecnología y Ciencias Agropecuarias');
INSERT INTO Areas (AREAID, NOMBRE) VALUES (7, 'Área VII: Ingeniería e Industria');

-- CAMPOS
    -- Área I: Física, Matemáticas y Ciencias de la Tierra
INSERT INTO CAMPOS (CAMPOID, AREAID, NOMBRE) VALUES (1, 1, 'TODOS');

    -- Área II: Biología y Química
INSERT INTO CAMPOS (CAMPOID, AREAID, NOMBRE) VALUES (2, 2, 'TODOS');

    -- Área III: Medicina y Salud
INSERT INTO CAMPOS (CAMPOID, AREAID, NOMBRE) VALUES (3, 3, 'ENFERMERÍA');
INSERT INTO CAMPOS (CAMPOID, AREAID, NOMBRE) VALUES (4, 3, 'ESPECIALIDAD MÉDICA');
INSERT INTO CAMPOS (CAMPOID, AREAID, NOMBRE) VALUES (5, 3, 'INVESTIGACIÓN MÉDICA');
INSERT INTO CAMPOS (CAMPOID, AREAID, NOMBRE) VALUES (6, 3, 'ODONTOLOGÍA');

    -- Área IV: Humanidades y Ciencias de la Conducta
INSERT INTO CAMPOS (CAMPOID, AREAID, NOMBRE) VALUES (7, 4, 'ANTROPOLOGÍA Y ARQUEOLOGÍA');
INSERT INTO CAMPOS (CAMPOID, AREAID, NOMBRE) VALUES (8, 4, 'ARQUITECTURA Y URBANISMO');
INSERT INTO CAMPOS (CAMPOID, AREAID, NOMBRE) VALUES (9, 4, 'ARTE Y CULTURA');
INSERT INTO CAMPOS (CAMPOID, AREAID, NOMBRE) VALUES (10, 4, 'DIDÁCTICA Y DOCENCIA');
INSERT INTO CAMPOS (CAMPOID, AREAID, NOMBRE) VALUES (11, 4, 'EDUCACIÓN');
INSERT INTO CAMPOS (CAMPOID, AREAID, NOMBRE) VALUES (12, 4, 'FILOSOFÍA');
INSERT INTO CAMPOS (CAMPOID, AREAID, NOMBRE) VALUES (13, 4, 'HISTORIA');
INSERT INTO CAMPOS (CAMPOID, AREAID, NOMBRE) VALUES (14, 4, 'LINGÜÍSTICA, LITERATURA Y FILOLOGÍA');
INSERT INTO CAMPOS (CAMPOID, AREAID, NOMBRE) VALUES (15, 4, 'PSICOLOGÍA');

    -- Área V: Sociales y Económicas
INSERT INTO CAMPOS (CAMPOID, AREAID, NOMBRE) VALUES (16, 5, 'ADMINISTRACIÓN - GESTIÓN EMPRESARIAL');
INSERT INTO CAMPOS (CAMPOID, AREAID, NOMBRE) VALUES (17, 5, 'CIENCIAS DE LA COMUNICACIÓN');
INSERT INTO CAMPOS (CAMPOID, AREAID, NOMBRE) VALUES (18, 5, 'CIENCIAS ECONÓMICAS');
INSERT INTO CAMPOS (CAMPOID, AREAID, NOMBRE) VALUES (19, 5, 'CIENCIAS JURÍDICAS Y DERECHO');
INSERT INTO CAMPOS (CAMPOID, AREAID, NOMBRE) VALUES (20, 5, 'CIENCIAS POLÍTICAS');
INSERT INTO CAMPOS (CAMPOID, AREAID, NOMBRE) VALUES (21, 5, 'DEMOGRAFÍA');
INSERT INTO CAMPOS (CAMPOID, AREAID, NOMBRE) VALUES (22, 5, 'GEOGRAFÍA');
INSERT INTO CAMPOS (CAMPOID, AREAID, NOMBRE) VALUES (23, 5, 'GESTIÓN');
INSERT INTO CAMPOS (CAMPOID, AREAID, NOMBRE) VALUES (24, 5, 'SOCIOLOGÍA');

    -- Área VI: Biotecnología y Ciencias Agropecuarias
INSERT INTO CAMPOS (CAMPOID, AREAID, NOMBRE) VALUES (25, 6, 'AGRONOMÍA');
INSERT INTO CAMPOS (CAMPOID, AREAID, NOMBRE) VALUES (26, 6, 'BIOTECNOLOGÍA');
INSERT INTO CAMPOS (CAMPOID, AREAID, NOMBRE) VALUES (27, 6, 'PESCA');
INSERT INTO CAMPOS (CAMPOID, AREAID, NOMBRE) VALUES (28, 6, 'SALUD Y PRODUCCIÓN ANIMAL');

    -- Área VII: Ingeniería e Industria
INSERT INTO CAMPOS (CAMPOID, AREAID, NOMBRE) VALUES (29, 7, 'Ingeniería y Tecnología');


-- A CONTINUACIÓN SE ENCUENTRAN LOS INSERT DE LAS DISCIPLINAS DE ACUERDO A SU CAMPO:
-- DISCIPLINAS del Area I: Física, Matemáticas y Ciencias de la Tierra
INSERT INTO DISCIPLINAS (DISCIPLINAID, CAMPOID, NOMBRE) VALUES (1, 1, 'TODAS');

-- DISCIPLINAS del Area II: Biología y Química
INSERT INTO DISCIPLINAS (DISCIPLINAID, CAMPOID, NOMBRE) VALUES (2, 2, 'TODAS');

-- DISCIPLINAS del Area III: Medicina y Salud
-- CAMPO: ENFERMERÍA
INSERT INTO DISCIPLINAS (DISCIPLINAID, CAMPOID, NOMBRE) VALUES (3, 3, 'ENFERMERÍA');
INSERT INTO DISCIPLINAS (DISCIPLINAID, CAMPOID, NOMBRE) VALUES (4, 3, 'ENFERMERÍA CLÍNICA AVANZADA');
INSERT INTO DISCIPLINAS (DISCIPLINAID, CAMPOID, NOMBRE) VALUES (5, 3, 'ENFERMERÍA EN SALUD FAMILIAR');
INSERT INTO DISCIPLINAS (DISCIPLINAID, CAMPOID, NOMBRE) VALUES (6, 3, 'ENFERMERÍA DE ATENCIÓN EN EL HOGAR');
INSERT INTO DISCIPLINAS (DISCIPLINAID, CAMPOID, NOMBRE) VALUES (7, 3, 'ENFERMERÍA DEL ANCIANO');
INSERT INTO DISCIPLINAS (DISCIPLINAID, CAMPOID, NOMBRE) VALUES (8, 3, 'ENFERMERÍA EN LA CULTURA FÍSICA Y EL DEPORTE');
INSERT INTO DISCIPLINAS (DISCIPLINAID, CAMPOID, NOMBRE) VALUES (9, 3, 'ENFERMERÍA EN REHABILITACIÓN');
INSERT INTO DISCIPLINAS (DISCIPLINAID, CAMPOID, NOMBRE) VALUES (10, 3, 'ENFERMERÍA EN SALUD PÚBLICA');
INSERT INTO DISCIPLINAS (DISCIPLINAID, CAMPOID, NOMBRE) VALUES (11, 3, 'ENFERMERÍA NEUROLÓGICA');
INSERT INTO DISCIPLINAS (DISCIPLINAID, CAMPOID, NOMBRE) VALUES (12, 3, 'ENFERMERÍA ONCOLÓGICA');
INSERT INTO DISCIPLINAS (DISCIPLINAID, CAMPOID, NOMBRE) VALUES (13, 3, 'ENFERMERÍA PERINATAL');
-- CAMPO: ESPECIALIDAD MÉDICA
INSERT INTO DISCIPLINAS (DISCIPLINAID, CAMPOID, NOMBRE) VALUES (14, 4, 'GERIATRIA');
INSERT INTO DISCIPLINAS (DISCIPLINAID, CAMPOID, NOMBRE) VALUES (15, 4, 'INFECTÓMICA Y PATOGÉNESIS MOLECULAR');
INSERT INTO DISCIPLINAS (DISCIPLINAID, CAMPOID, NOMBRE) VALUES (16, 4, 'INVESTIGACIÓN MÉDICA, LÍNEA TERMINAL BIOMEDICINA');
INSERT INTO DISCIPLINAS (DISCIPLINAID, CAMPOID, NOMBRE) VALUES (17, 4, 'NEFROLOGIA PEDIATRICA');
INSERT INTO DISCIPLINAS (DISCIPLINAID, CAMPOID, NOMBRE) VALUES (18, 4, 'NEUROANESTESIOLOGIA');
INSERT INTO DISCIPLINAS (DISCIPLINAID, CAMPOID, NOMBRE) VALUES (19, 4, 'NEUROCIRUGIA PEDIATRICA');
INSERT INTO DISCIPLINAS (DISCIPLINAID, CAMPOID, NOMBRE) VALUES (20, 4, 'NEUROFISIOLOGIA CLINICA');
INSERT INTO DISCIPLINAS (DISCIPLINAID, CAMPOID, NOMBRE) VALUES (21, 4, 'NEURORADIOLOGIA');
INSERT INTO DISCIPLINAS (DISCIPLINAID, CAMPOID, NOMBRE) VALUES (22, 4, 'NUTRICIÓN HUMANA');
INSERT INTO DISCIPLINAS (DISCIPLINAID, CAMPOID, NOMBRE) VALUES (23, 4, 'NUTRIOLOGÍA CLÍNICA');
INSERT INTO DISCIPLINAS (DISCIPLINAID, CAMPOID, NOMBRE) VALUES (24, 4, 'OBESIDAD Y COMORBILIDADES');
INSERT INTO DISCIPLINAS (DISCIPLINAID, CAMPOID, NOMBRE) VALUES (25, 4, 'OFTALMOLOGIA NEUROLOGICA');
INSERT INTO DISCIPLINAS (DISCIPLINAID, CAMPOID, NOMBRE) VALUES (26, 4, 'OTORRINOLARINGOLOGIA PEDIATRICA');
INSERT INTO DISCIPLINAS (DISCIPLINAID, CAMPOID, NOMBRE) VALUES (27, 4, 'PATOLOGIA PEDIATRICA');
INSERT INTO DISCIPLINAS (DISCIPLINAID, CAMPOID, NOMBRE) VALUES (28, 4, 'SALUD PUBLICA');
INSERT INTO DISCIPLINAS (DISCIPLINAID, CAMPOID, NOMBRE) VALUES (29, 4, 'SEGURIDAD ALIMENTARIA Y NUTRICIONAL');
INSERT INTO DISCIPLINAS (DISCIPLINAID, CAMPOID, NOMBRE) VALUES (30, 4, 'TERAPIA ENDOVASCULAR');
INSERT INTO DISCIPLINAS (DISCIPLINAID, CAMPOID, NOMBRE) VALUES (31, 4, 'BIOMEDICINA MOLECULAR');
INSERT INTO DISCIPLINAS (DISCIPLINAID, CAMPOID, NOMBRE) VALUES (32, 4, 'CALIDAD DE LA ATENCION CLINICA');
INSERT INTO DISCIPLINAS (DISCIPLINAID, CAMPOID, NOMBRE) VALUES (33, 4, 'CIENCIAS EN SALUD DE LOS TRABAJADORES');
INSERT INTO DISCIPLINAS (DISCIPLINAID, CAMPOID, NOMBRE) VALUES (34, 4, 'CIENCIAS EN SALUD PÚBLICA');
INSERT INTO DISCIPLINAS (DISCIPLINAID, CAMPOID, NOMBRE) VALUES (35, 4, 'CIENCIAS ESTOMATOLÓGICAS');
INSERT INTO DISCIPLINAS (DISCIPLINAID, CAMPOID, NOMBRE) VALUES (36, 4, 'CIRUGIA CARDIOTORACICA PEDIATRICA');
INSERT INTO DISCIPLINAS (DISCIPLINAID, CAMPOID, NOMBRE) VALUES (37, 4, 'DERMATOLOGIA PEDIATRICA');
INSERT INTO DISCIPLINAS (DISCIPLINAID, CAMPOID, NOMBRE) VALUES (38, 4, 'EPIDEMIOLOGIA');
INSERT INTO DISCIPLINAS (DISCIPLINAID, CAMPOID, NOMBRE) VALUES (39, 4, 'GENETICA MEDICA');
INSERT INTO DISCIPLINAS (DISCIPLINAID, CAMPOID, NOMBRE) VALUES (40, 4, 'MEDICINA FORENSE');
-- CAMPO INVESTIGACIÓN MÉDICA
INSERT INTO DISCIPLINAS (DISCIPLINAID, CAMPOID, NOMBRE) VALUES (41, 5, 'CARDIOLOGÍA, FISIOLOGÍA CARDIOVASCULAR');
INSERT INTO DISCIPLINAS (DISCIPLINAID, CAMPOID, NOMBRE) VALUES (42, 5, 'DERMATOLOGÍA Y ENFERMEDADES DE TRANSMISIÓN SEXUAL');
INSERT INTO DISCIPLINAS (DISCIPLINAID, CAMPOID, NOMBRE) VALUES (43, 5, 'ENFERMEDADES DE LA NUTRICIÓN Y ENDOCRINOLOGÍA');
INSERT INTO DISCIPLINAS (DISCIPLINAID, CAMPOID, NOMBRE) VALUES (44, 5, 'ENFERMEDADES INFECCIOSAS, BACTERIOLOGÍA CLÍNICA, VIROLOGÍA CLÍNICA');
INSERT INTO DISCIPLINAS (DISCIPLINAID, CAMPOID, NOMBRE) VALUES (45, 5, 'ENFERMEDADES RESPIRATORIAS, FISIOLOGÍA');
INSERT INTO DISCIPLINAS (DISCIPLINAID, CAMPOID, NOMBRE) VALUES (46, 5, 'FARMACIA, FARMACOLOGÍA CLÍNICA');
INSERT INTO DISCIPLINAS (DISCIPLINAID, CAMPOID, NOMBRE) VALUES (47, 5, 'FISIOPATOLOGÍA, FISIOLOGÍA CLÍNICA GENERAL');
INSERT INTO DISCIPLINAS (DISCIPLINAID, CAMPOID, NOMBRE) VALUES (48, 5, 'GASTROENTEROLOGÍA, FISIOLOGÍA DIGESTIVA');
INSERT INTO DISCIPLINAS (DISCIPLINAID, CAMPOID, NOMBRE) VALUES (49, 5, 'HEMATOLOGÍA E INMUNOLOGÍA CLÍNICA');
INSERT INTO DISCIPLINAS (DISCIPLINAID, CAMPOID, NOMBRE) VALUES (50, 5, 'MEDICINA FÍSICA Y REHABILITACIÓN, KINESIOLOGÍA');
INSERT INTO DISCIPLINAS (DISCIPLINAID, CAMPOID, NOMBRE) VALUES (51, 5, 'INVESTIGACIÓN CLÍNICA');
INSERT INTO DISCIPLINAS (DISCIPLINAID, CAMPOID, NOMBRE) VALUES (52, 5, 'MEDICINA NUCLEAR, RADIOTERAPIA');
INSERT INTO DISCIPLINAS (DISCIPLINAID, CAMPOID, NOMBRE) VALUES (53, 5, 'NEFROLOGÍA, FISIOLOGÍA RENAL');
INSERT INTO DISCIPLINAS (DISCIPLINAID, CAMPOID, NOMBRE) VALUES (54, 5, 'OTORRINOLARINGOLOGÍA');
-- CAMPO ODONTOLOGÍA
INSERT INTO DISCIPLINAS (DISCIPLINAID, CAMPOID, NOMBRE) VALUES (55, 6, 'ENDODONCIA');
INSERT INTO DISCIPLINAS (DISCIPLINAID, CAMPOID, NOMBRE) VALUES (56, 6, 'ODONTOPEDIATRÍA');
INSERT INTO DISCIPLINAS (DISCIPLINAID, CAMPOID, NOMBRE) VALUES (57, 6, 'ORTODONCIA');
INSERT INTO DISCIPLINAS (DISCIPLINAID, CAMPOID, NOMBRE) VALUES (58, 6, 'ORTOPEDIA Y TRAUMATOLOGIA');
INSERT INTO DISCIPLINAS (DISCIPLINAID, CAMPOID, NOMBRE) VALUES (59, 6, 'PATOLOGÍA Y MEDICINA BUCAL');
INSERT INTO DISCIPLINAS (DISCIPLINAID, CAMPOID, NOMBRE) VALUES (60, 6, 'PERIODONCIA');
INSERT INTO DISCIPLINAS (DISCIPLINAID, CAMPOID, NOMBRE) VALUES (61, 6, 'PROSTODONCIA');
INSERT INTO DISCIPLINAS (DISCIPLINAID, CAMPOID, NOMBRE) VALUES (62, 6, 'PRÓTESIS BUCAL');


-- DISCIPLINAS del Area IV: Humanidades y Artes
-- CAMPO ANTROPOLOGÍA Y ARQUEOLOGÍA
INSERT INTO DISCIPLINAS (DISCIPLINAID, CAMPOID, NOMBRE) VALUES (63, 7, 'ANTROPOLOGÍA FÍSICA');
INSERT INTO DISCIPLINAS (DISCIPLINAID, CAMPOID, NOMBRE) VALUES (64, 7, 'ANTROPOLOGÍA SOCIAL');
INSERT INTO DISCIPLINAS (DISCIPLINAID, CAMPOID, NOMBRE) VALUES (65, 7, 'ANTROPOLOGÍA SOCIOCULTURAL');
INSERT INTO DISCIPLINAS (DISCIPLINAID, CAMPOID, NOMBRE) VALUES (66, 7, 'ARQUEOLOGÍA');
-- CAMPO ARQUITECTURA Y URBANISMO
INSERT INTO DISCIPLINAS (DISCIPLINAID, CAMPOID, NOMBRE) VALUES (67, 8, 'PLANIFICACIÓN DEL DESARROLLO URBANO');
INSERT INTO DISCIPLINAS (DISCIPLINAID, CAMPOID, NOMBRE) VALUES (68, 8, 'VALUACIÓN INMOBILIARIA');
INSERT INTO DISCIPLINAS (DISCIPLINAID, CAMPOID, NOMBRE) VALUES (69, 8, 'ARQUITECTURA');
INSERT INTO DISCIPLINAS (DISCIPLINAID, CAMPOID, NOMBRE) VALUES (70, 8, 'ARQUITECTURA, DISEÑO Y URBANISMO');
INSERT INTO DISCIPLINAS (DISCIPLINAID, CAMPOID, NOMBRE) VALUES (71, 8, 'CIENCIAS DEL HABITAT');
INSERT INTO DISCIPLINAS (DISCIPLINAID, CAMPOID, NOMBRE) VALUES (72, 8, 'CIUDAD TERRITORIO Y SUSTENTABILIDAD');
INSERT INTO DISCIPLINAS (DISCIPLINAID, CAMPOID, NOMBRE) VALUES (73, 8, 'CIUDAD Y ESPACIO PÚBLICO SUSTENTABLE');
INSERT INTO DISCIPLINAS (DISCIPLINAID, CAMPOID, NOMBRE) VALUES (74, 8, 'CONSERVACIÓN DEL PATRIMONIO ARQUITECTÓNICO');
INSERT INTO DISCIPLINAS (DISCIPLINAID, CAMPOID, NOMBRE) VALUES (75, 8, 'DISEÑO URBANO');
INSERT INTO DISCIPLINAS (DISCIPLINAID, CAMPOID, NOMBRE) VALUES (76, 8, 'DISEÑO, PLANIFICACIÓN Y CONSERVACIÓN DE PAISAJES Y JARDINES');
INSERT INTO DISCIPLINAS (DISCIPLINAID, CAMPOID, NOMBRE) VALUES (77, 8, 'PROYECTOS Y EDIFICACIÓN SUSTENTABLES');
INSERT INTO DISCIPLINAS (DISCIPLINAID, CAMPOID, NOMBRE) VALUES (78, 8, 'RESTAURACIÓN DE SITIOS Y MONUMENTOS');
INSERT INTO DISCIPLINAS (DISCIPLINAID, CAMPOID, NOMBRE) VALUES (79, 8, 'URBANISMO - CIUDAD, COMUNIDAD Y ORDENACIÓN DEL TERRITORIO');
-- CAMPO ARTE Y CULTURA
INSERT INTO DISCIPLINAS (DISCIPLINAID, CAMPOID, NOMBRE) VALUES (80, 9, 'ESTÉTICA');
INSERT INTO DISCIPLINAS (DISCIPLINAID, CAMPOID, NOMBRE) VALUES (81, 9, 'ESTUDIOS DE ARTE');
INSERT INTO DISCIPLINAS (DISCIPLINAID, CAMPOID, NOMBRE) VALUES (82, 9, 'GESTIÓN Y DESARROLLO CULTURAL');
INSERT INTO DISCIPLINAS (DISCIPLINAID, CAMPOID, NOMBRE) VALUES (83, 9, 'MÚSICA');
INSERT INTO DISCIPLINAS (DISCIPLINAID, CAMPOID, NOMBRE) VALUES (84, 9, 'PRODUCCIÓN ARTÍSTICA');
INSERT INTO DISCIPLINAS (DISCIPLINAID, CAMPOID, NOMBRE) VALUES (85, 9, 'ARTES ESCÉNICAS');
INSERT INTO DISCIPLINAS (DISCIPLINAID, CAMPOID, NOMBRE) VALUES (86, 9, 'ARTES PARA EL DISEÑO');
INSERT INTO DISCIPLINAS (DISCIPLINAID, CAMPOID, NOMBRE) VALUES (87, 9, 'ESTUDIOS CULTURALES');
INSERT INTO DISCIPLINAS (DISCIPLINAID, CAMPOID, NOMBRE) VALUES (88, 9, 'ESTUDIOS Y PROCESOS CREATIVOS EN ARTE Y DISEÑO');
-- CAMPO DIDÁCTICA Y DOCENCIA
INSERT INTO DISCIPLINAS (DISCIPLINAID, CAMPOID, NOMBRE) VALUES (89, 10, 'DIDÁCTICA DE LAS MATEMÁTICAS');
INSERT INTO DISCIPLINAS (DISCIPLINAID, CAMPOID, NOMBRE) VALUES (90, 10, 'DOCENCIA DE IDIOMAS');
INSERT INTO DISCIPLINAS (DISCIPLINAID, CAMPOID, NOMBRE) VALUES (91, 10, 'DOCENCIA DE LAS MATEMÁTICAS');
INSERT INTO DISCIPLINAS (DISCIPLINAID, CAMPOID, NOMBRE) VALUES (92, 10, 'DOCENCIA PARA LA EDUCACIÓN MEDIA SUPERIOR');
INSERT INTO DISCIPLINAS (DISCIPLINAID, CAMPOID, NOMBRE) VALUES (93, 10, 'ENSEÑANZA DE ESTUDIOS LITERARIOS');
INSERT INTO DISCIPLINAS (DISCIPLINAID, CAMPOID, NOMBRE) VALUES (94, 10, 'ENSEÑANZA DE IDIOMAS');
INSERT INTO DISCIPLINAS (DISCIPLINAID, CAMPOID, NOMBRE) VALUES (95, 10, 'ENSEÑANZA DE LA HISTORIA');
INSERT INTO DISCIPLINAS (DISCIPLINAID, CAMPOID, NOMBRE) VALUES (96, 10, 'ENSEÑANZA DE LAS MATEMÁTICAS');
INSERT INTO DISCIPLINAS (DISCIPLINAID, CAMPOID, NOMBRE) VALUES (97, 10, 'GESTIÓN DEL APRENDIZAJE');
INSERT INTO DISCIPLINAS (DISCIPLINAID, CAMPOID, NOMBRE) VALUES (98, 10, 'PEDAGOGÍA');
INSERT INTO DISCIPLINAS (DISCIPLINAID, CAMPOID, NOMBRE) VALUES (99, 10, 'TRADUCCIÓN E INTERPRETACIÓN');
INSERT INTO DISCIPLINAS (DISCIPLINAID, CAMPOID, NOMBRE) VALUES (100, 10, 'ADMINISTRACIÓN DE INSTITUCIONES EDUCATIVAS');
INSERT INTO DISCIPLINAS (DISCIPLINAID, CAMPOID, NOMBRE) VALUES (101, 10, 'DIDÁCTICA DE LAS LENGUAS');
-- CAMPO EDUCACIÓN
INSERT INTO DISCIPLINAS (DISCIPLINAID, CAMPOID, NOMBRE) VALUES (102, 11, 'DISEÑO CURRÍCULAR');
INSERT INTO DISCIPLINAS (DISCIPLINAID, CAMPOID, NOMBRE) VALUES (103, 11, 'ADMINISTRACIÓN Y SUPERVISIÓN EDUCATIVA');
INSERT INTO DISCIPLINAS (DISCIPLINAID, CAMPOID, NOMBRE) VALUES (104, 11, 'CIENCIAS DEL COMPORTAMIENTO');
INSERT INTO DISCIPLINAS (DISCIPLINAID, CAMPOID, NOMBRE) VALUES (105, 11, 'INSTRUCCIÓN Y DISEÑO EN MEDIOS');
INSERT INTO DISCIPLINAS (DISCIPLINAID, CAMPOID, NOMBRE) VALUES (106, 11, 'ESTADÍSTICAS EDUCATIVAS - MÉTODOS DE INVESTIGACIÓN');
INSERT INTO DISCIPLINAS (DISCIPLINAID, CAMPOID, NOMBRE) VALUES (107, 11, 'EVALUACIÓN EDUCATIVA - MEDICIÓN');
INSERT INTO DISCIPLINAS (DISCIPLINAID, CAMPOID, NOMBRE) VALUES (108, 11, 'PSICOLOGÍA DE LA EDUCACIÓN');
INSERT INTO DISCIPLINAS (DISCIPLINAID, CAMPOID, NOMBRE) VALUES (109, 11, 'PSICOLOGÍA ESCOLAR');
INSERT INTO DISCIPLINAS (DISCIPLINAID, CAMPOID, NOMBRE) VALUES (110, 11, 'FUNDAMENTOS FILOSÓFICOS DE LA EDUCACIÓN');
INSERT INTO DISCIPLINAS (DISCIPLINAID, CAMPOID, NOMBRE) VALUES (111, 11, 'EDUCACIÓN ESPECIAL');
INSERT INTO DISCIPLINAS (DISCIPLINAID, CAMPOID, NOMBRE) VALUES (112, 11, 'EDUCACIÓN SUPERIOR - EVALUACIÓN E INVESTIGACIÓN');
INSERT INTO DISCIPLINAS (DISCIPLINAID, CAMPOID, NOMBRE) VALUES (113, 11, 'DIVERSIDAD Y EDUCACIÓN INCLUSIVA');
INSERT INTO DISCIPLINAS (DISCIPLINAID, CAMPOID, NOMBRE) VALUES (114, 11, 'COGNICIÓN Y EDUCACIÓN');
INSERT INTO DISCIPLINAS (DISCIPLINAID, CAMPOID, NOMBRE) VALUES (115, 11, 'EDUCACIÓN AGRÍCOLA SUPERIOR');
INSERT INTO DISCIPLINAS (DISCIPLINAID, CAMPOID, NOMBRE) VALUES (116, 11, 'EDUCACIÓN AMBIENTAL');
INSERT INTO DISCIPLINAS (DISCIPLINAID, CAMPOID, NOMBRE) VALUES (117, 11, 'EDUCACIÓN ESPECIAL CON ENFOQUE COMUNITARIO');
INSERT INTO DISCIPLINAS (DISCIPLINAID, CAMPOID, NOMBRE) VALUES (118, 11, 'EDUCACIÓN MATEMÁTICA');
INSERT INTO DISCIPLINAS (DISCIPLINAID, CAMPOID, NOMBRE) VALUES (119, 11, 'EDUCACIÓN PARA LA CIUDADANÍA');
INSERT INTO DISCIPLINAS (DISCIPLINAID, CAMPOID, NOMBRE) VALUES (120, 11, 'EDUCACIÓN SUPERIOR');
INSERT INTO DISCIPLINAS (DISCIPLINAID, CAMPOID, NOMBRE) VALUES (121, 11, 'EDUCACIÓN VIRTUAL');
INSERT INTO DISCIPLINAS (DISCIPLINAID, CAMPOID, NOMBRE) VALUES (122, 11, 'GESTIÓN Y POLÍTICAS DE LA EDUCACIÓN SUPERIOR');
INSERT INTO DISCIPLINAS (DISCIPLINAID, CAMPOID, NOMBRE) VALUES (123, 11, 'INVESTIGACION Y DESARROLLO EN CIENCIAS EDUCATIVAS');
INSERT INTO DISCIPLINAS (DISCIPLINAID, CAMPOID, NOMBRE) VALUES (124, 11, 'SISTEMAS Y AMBIENTES EDUCATIVOS');
INSERT INTO DISCIPLINAS (DISCIPLINAID, CAMPOID, NOMBRE) VALUES (125, 11, 'TECNOLOGÍA EDUCATIVA');
INSERT INTO DISCIPLINAS (DISCIPLINAID, CAMPOID, NOMBRE) VALUES (126, 11, 'TECNOLOGÍAS PARA EL APRENDIZAJE');
-- CAMPO FILOSOFÍA
INSERT INTO DISCIPLINAS (DISCIPLINAID, CAMPOID, NOMBRE) VALUES (127, 12, 'FILOSOFÍA');
INSERT INTO DISCIPLINAS (DISCIPLINAID, CAMPOID, NOMBRE) VALUES (128, 12, 'FILOSOFÍA DE LA CULTURA');
INSERT INTO DISCIPLINAS (DISCIPLINAID, CAMPOID, NOMBRE) VALUES (129, 12, 'FILOSOFÍA DE LA EDUCACIÓN');
INSERT INTO DISCIPLINAS (DISCIPLINAID, CAMPOID, NOMBRE) VALUES (130, 12, 'FILOSOFÍA CONTEMPORÁNEA APLICADA');
INSERT INTO DISCIPLINAS (DISCIPLINAID, CAMPOID, NOMBRE) VALUES (131, 12, 'FILOSOFIA DE LA CIENCIA');
INSERT INTO DISCIPLINAS (DISCIPLINAID, CAMPOID, NOMBRE) VALUES (132, 12, 'ÉTICA');
INSERT INTO DISCIPLINAS (DISCIPLINAID, CAMPOID, NOMBRE) VALUES (133, 12, 'LÓGICA');
INSERT INTO DISCIPLINAS (DISCIPLINAID, CAMPOID, NOMBRE) VALUES (134, 12, 'METAFÍSICA');
INSERT INTO DISCIPLINAS (DISCIPLINAID, CAMPOID, NOMBRE) VALUES (135, 12, 'HISTORIA DE LA FILOSOFÍA');
INSERT INTO DISCIPLINAS (DISCIPLINAID, CAMPOID, NOMBRE) VALUES (136, 12, 'TEORÍA DEL CONOCIMIENTO');
INSERT INTO DISCIPLINAS (DISCIPLINAID, CAMPOID, NOMBRE) VALUES (137, 12, 'FILOSOFÍA ANALÍTICA');
INSERT INTO DISCIPLINAS (DISCIPLINAID, CAMPOID, NOMBRE) VALUES (138, 12, 'CIENCIAS COGNITIVAS');
-- CAMPO HISTORIA
INSERT INTO DISCIPLINAS (DISCIPLINAID, CAMPOID, NOMBRE) VALUES (139, 13, 'HISTORIA DE MÉXICO');
INSERT INTO DISCIPLINAS (DISCIPLINAID, CAMPOID, NOMBRE) VALUES (140, 13, 'HISTORIA DEL ARTE');
INSERT INTO DISCIPLINAS (DISCIPLINAID, CAMPOID, NOMBRE) VALUES (141, 13, 'HISTORIA UNIVERSAL');
INSERT INTO DISCIPLINAS (DISCIPLINAID, CAMPOID, NOMBRE) VALUES (142, 13, 'HISTORIA MODERNA Y CONTEMPORÁNEA');
INSERT INTO DISCIPLINAS (DISCIPLINAID, CAMPOID, NOMBRE) VALUES (143, 13, 'HISTORIA Y ESTUDIOS REGIONALES');
INSERT INTO DISCIPLINAS (DISCIPLINAID, CAMPOID, NOMBRE) VALUES (144, 13, 'HISTORIOGRAFÍA');
INSERT INTO DISCIPLINAS (DISCIPLINAID, CAMPOID, NOMBRE) VALUES (145, 13, 'ESTUDIOS HISTÓRICOS INTERDISCIPLINARIOS');
INSERT INTO DISCIPLINAS (DISCIPLINAID, CAMPOID, NOMBRE) VALUES (146, 13, 'HISTORIA DE AMÉRICA (EE.UU. Y CANADÁ)');
INSERT INTO DISCIPLINAS (DISCIPLINAID, CAMPOID, NOMBRE) VALUES (147, 13, 'HISTORIA DE PAÍSES');
INSERT INTO DISCIPLINAS (DISCIPLINAID, CAMPOID, NOMBRE) VALUES (148, 13, 'HISTORIA, CIENCIA Y TECNOLOGÍA Y SOCIEDAD');  
INSERT INTO DISCIPLINAS (DISCIPLINAID, CAMPOID, NOMBRE) VALUES (149, 13, 'HISTORIA, EN GENERAL');
-- CAMPO LINGÜÍSTICA, LITERATURA Y FILOLOGÍA
INSERT INTO DISCIPLINAS (DISCIPLINAID, CAMPOID, NOMBRE) VALUES (150, 14, 'LINGÜÍSTICA');
INSERT INTO DISCIPLINAS (DISCIPLINAID, CAMPOID, NOMBRE) VALUES (151, 14, 'LINGÜÍSTICA INDOAMERICANA');
INSERT INTO DISCIPLINAS (DISCIPLINAID, CAMPOID, NOMBRE) VALUES (152, 14, 'LITERATURA');
INSERT INTO DISCIPLINAS (DISCIPLINAID, CAMPOID, NOMBRE) VALUES (153, 14, 'LITERATURA HISPÁNICA');
INSERT INTO DISCIPLINAS (DISCIPLINAID, CAMPOID, NOMBRE) VALUES (154, 14, 'LITERATURA HISPANOAMERICANA');
INSERT INTO DISCIPLINAS (DISCIPLINAID, CAMPOID, NOMBRE) VALUES (155, 14, 'LITERATURA MEXICANA');
INSERT INTO DISCIPLINAS (DISCIPLINAID, CAMPOID, NOMBRE) VALUES (156, 14, 'LITERATURA MEXICANA DEL SIGLO XX');
INSERT INTO DISCIPLINAS (DISCIPLINAID, CAMPOID, NOMBRE) VALUES (157, 14, 'LITERATURA UNIVERSAL');
INSERT INTO DISCIPLINAS (DISCIPLINAID, CAMPOID, NOMBRE) VALUES (158, 14, 'LITERATURA MEXICANA CONTEMPORÁNEA');
INSERT INTO DISCIPLINAS (DISCIPLINAID, CAMPOID, NOMBRE) VALUES (159, 14, 'FILOLOGÍA');
INSERT INTO DISCIPLINAS (DISCIPLINAID, CAMPOID, NOMBRE) VALUES (160, 14, 'LETRAS');
INSERT INTO DISCIPLINAS (DISCIPLINAID, CAMPOID, NOMBRE) VALUES (161, 14, 'LETRAS MODERNAS');
INSERT INTO DISCIPLINAS (DISCIPLINAID, CAMPOID, NOMBRE) VALUES (162, 14, 'LINGÜÍSTICA APLICADA');
INSERT INTO DISCIPLINAS (DISCIPLINAID, CAMPOID, NOMBRE) VALUES (163, 14, 'LINGÜÍSTICA HISPÁNICA');
-- CAMPO PSICOLOGÍA
INSERT INTO DISCIPLINAS (DISCIPLINAID, CAMPOID, NOMBRE) VALUES (164, 15, 'PSICOLOGÍA');
INSERT INTO DISCIPLINAS (DISCIPLINAID, CAMPOID, NOMBRE) VALUES (165, 15, 'PSICOLOGÍA DE LA EDUCACIÓN Y COGNITIVA');
INSERT INTO DISCIPLINAS (DISCIPLINAID, CAMPOID, NOMBRE) VALUES (166, 15, 'PSICOLOGÍA DE LA PERSONALIDAD');
INSERT INTO DISCIPLINAS (DISCIPLINAID, CAMPOID, NOMBRE) VALUES (167, 15, 'PSICOLOGÍA SOCIAL');
INSERT INTO DISCIPLINAS (DISCIPLINAID, CAMPOID, NOMBRE) VALUES (168, 15, 'PSICOLOGÍA CLÍNICA Y DE LA SALUD');
INSERT INTO DISCIPLINAS (DISCIPLINAID, CAMPOID, NOMBRE) VALUES (169, 15, 'PSICOLOGÍA LABORAL Y ORGANIZACIONAL');
INSERT INTO DISCIPLINAS (DISCIPLINAID, CAMPOID, NOMBRE) VALUES (170, 15, 'PSICOMETRÍA');
INSERT INTO DISCIPLINAS (DISCIPLINAID, CAMPOID, NOMBRE) VALUES (171, 15, 'PSICOLOGÍA EXPERIMENTAL');
INSERT INTO DISCIPLINAS (DISCIPLINAID, CAMPOID, NOMBRE) VALUES (172, 15, 'NEUROPSICOLOGÍA');
INSERT INTO DISCIPLINAS (DISCIPLINAID, CAMPOID, NOMBRE) VALUES (173, 15, 'PSICOLOGÍA DEL DEPORTE');
INSERT INTO DISCIPLINAS (DISCIPLINAID, CAMPOID, NOMBRE) VALUES (174, 15, 'PSICOLOGÍA SOCIAL DE GRUPOS E INSTITUCIONES');


-- DISCIPLINAS del Area V: Sociales y Económicas
-- CAMPO ADMINISTRACIÓN - GESTIÓN EMPRESARIAL
INSERT INTO DISCIPLINAS (DISCIPLINAID, CAMPOID, NOMBRE) VALUES (175, 16, 'ADMINISTRACIÓN PÚBLICA');
INSERT INTO DISCIPLINAS (DISCIPLINAID, CAMPOID, NOMBRE) VALUES (176, 16, 'INVESTIGACIÓN DE OPERACIONES');
INSERT INTO DISCIPLINAS (DISCIPLINAID, CAMPOID, NOMBRE) VALUES (177, 16, 'ADMINISTRACIÓN EN GESTIÓN Y DESARROLLO DE LA EDUCACIÓN');
-- CAMPO CIENCIAS DE LA COMUNICACIÓN
INSERT INTO DISCIPLINAS (DISCIPLINAID, CAMPOID, NOMBRE) VALUES (178, 17, 'COMUNICACIÓN DE CINE, RADIO, TV Y DIGITAL');
INSERT INTO DISCIPLINAS (DISCIPLINAID, CAMPOID, NOMBRE) VALUES (179, 17, 'COMUNICACIÓN, EN GENERAL');
INSERT INTO DISCIPLINAS (DISCIPLINAID, CAMPOID, NOMBRE) VALUES (180, 17, 'INVESTIGACIÓN EN COMUNICACIÓN');
INSERT INTO DISCIPLINAS (DISCIPLINAID, CAMPOID, NOMBRE) VALUES (181, 17, 'MEDIOS DE COMUNICACIÓN - CIENCIAS DE LA INFORMACIÓN');
INSERT INTO DISCIPLINAS (DISCIPLINAID, CAMPOID, NOMBRE) VALUES (182, 17, 'TEORÍA DE LA COMUNICACIÓN');
-- CAMPO CIENCIAS ECONÓMICAS
INSERT INTO DISCIPLINAS (DISCIPLINAID, CAMPOID, NOMBRE) VALUES (183, 18, 'ECONOMETRÍA');
INSERT INTO DISCIPLINAS (DISCIPLINAID, CAMPOID, NOMBRE) VALUES (184, 18, 'ECONOMÍA');
INSERT INTO DISCIPLINAS (DISCIPLINAID, CAMPOID, NOMBRE) VALUES (185, 18, 'ECONOMÍA AGRÍCOLA Y DE LOS RECURSOS NATURALES');
INSERT INTO DISCIPLINAS (DISCIPLINAID, CAMPOID, NOMBRE) VALUES (186, 18, 'ECONOMÍA AMBIENTAL Y ECOLÓGICA');
INSERT INTO DISCIPLINAS (DISCIPLINAID, CAMPOID, NOMBRE) VALUES (187, 18, 'ECONOMÍA DE LOS RECURSOS NATURALES');
INSERT INTO DISCIPLINAS (DISCIPLINAID, CAMPOID, NOMBRE) VALUES (188, 18, 'ECONOMÍA INDUSTRIAL');
INSERT INTO DISCIPLINAS (DISCIPLINAID, CAMPOID, NOMBRE) VALUES (189, 18, 'ECONOMÍA LABORAL');
INSERT INTO DISCIPLINAS (DISCIPLINAID, CAMPOID, NOMBRE) VALUES (190, 18, 'ECONOMÍA MONETARIA');
INSERT INTO DISCIPLINAS (DISCIPLINAID, CAMPOID, NOMBRE) VALUES (191, 18, 'ECONOMÍA REGIONAL');
INSERT INTO DISCIPLINAS (DISCIPLINAID, CAMPOID, NOMBRE) VALUES (192, 18, 'ECONOMÍA Y GESTIÓN MUNICIPAL');
INSERT INTO DISCIPLINAS (DISCIPLINAID, CAMPOID, NOMBRE) VALUES (193, 18, 'ECONOMÍA Y POLÍTICA PÚBLICA');
-- CAMPO CIENCIAS JURÍDICAS Y DERECHO
INSERT INTO DISCIPLINAS (DISCIPLINAID, CAMPOID, NOMBRE) VALUES (194, 19, 'CRIMINOLOGÍA');
INSERT INTO DISCIPLINAS (DISCIPLINAID, CAMPOID, NOMBRE) VALUES (195, 19, 'DERECHO DEL AMBIENTE');
INSERT INTO DISCIPLINAS (DISCIPLINAID, CAMPOID, NOMBRE) VALUES (196, 19, 'DERECHO ECONÓMICO');
INSERT INTO DISCIPLINAS (DISCIPLINAID, CAMPOID, NOMBRE) VALUES (197, 19, 'DERECHO INTERNACIONAL PÚBLICO Y PRIVADO');
INSERT INTO DISCIPLINAS (DISCIPLINAID, CAMPOID, NOMBRE) VALUES (198, 19, 'DERECHO LABORAL');
INSERT INTO DISCIPLINAS (DISCIPLINAID, CAMPOID, NOMBRE) VALUES (199, 19, 'DERECHO PENAL');
INSERT INTO DISCIPLINAS (DISCIPLINAID, CAMPOID, NOMBRE) VALUES (200, 19, 'DERECHO PROCESAL');
INSERT INTO DISCIPLINAS (DISCIPLINAID, CAMPOID, NOMBRE) VALUES (201, 19, 'DERECHO Y LEGISLACIÓN NACIONALES');
INSERT INTO DISCIPLINAS (DISCIPLINAID, CAMPOID, NOMBRE) VALUES (202, 19, 'DERECHOS HUMANOS');
INSERT INTO DISCIPLINAS (DISCIPLINAID, CAMPOID, NOMBRE) VALUES (203, 19, 'HISTORIA Y FILOSOFÍA DEL DERECHO');
INSERT INTO DISCIPLINAS (DISCIPLINAID, CAMPOID, NOMBRE) VALUES (204, 19, 'JUSTICIA Y CORRECCIONES PENAL');
INSERT INTO DISCIPLINAS (DISCIPLINAID, CAMPOID, NOMBRE) VALUES (205, 19, 'ORGANIZACIÓN JURÍDICA');
INSERT INTO DISCIPLINAS (DISCIPLINAID, CAMPOID, NOMBRE) VALUES (206, 19, 'DERECHO ADMINISTRATIVO');
INSERT INTO DISCIPLINAS (DISCIPLINAID, CAMPOID, NOMBRE) VALUES (207, 19, 'DERECHO COMERCIAL, INDUSTRIAL Y MINERO');
INSERT INTO DISCIPLINAS (DISCIPLINAID, CAMPOID, NOMBRE) VALUES (208, 19, 'DERECHO COMPARADO');
-- CAMPO CIENCIAS POLÍTICAS
INSERT INTO DISCIPLINAS (DISCIPLINAID, CAMPOID, NOMBRE) VALUES (209, 20, 'CIENCIA POLÍTICA Y GOBIERNO');
INSERT INTO DISCIPLINAS (DISCIPLINAID, CAMPOID, NOMBRE) VALUES (210, 20, 'COOPERACIÓN INTERNACIONAL');
INSERT INTO DISCIPLINAS (DISCIPLINAID, CAMPOID, NOMBRE) VALUES (211, 20, 'DESARROLLO MUNICIPAL');
INSERT INTO DISCIPLINAS (DISCIPLINAID, CAMPOID, NOMBRE) VALUES (212, 20, 'DESARROLLO REGIONAL');
INSERT INTO DISCIPLINAS (DISCIPLINAID, CAMPOID, NOMBRE) VALUES (213, 20, 'DESARROLLO REGIONAL SUSTENTABLE');
INSERT INTO DISCIPLINAS (DISCIPLINAID, CAMPOID, NOMBRE) VALUES (214, 20, 'DESARROLLO RURAL REGIONAL');
INSERT INTO DISCIPLINAS (DISCIPLINAID, CAMPOID, NOMBRE) VALUES (215, 20, 'DESARROLLO, SUSTENTABILIDAD Y TURISMO');
INSERT INTO DISCIPLINAS (DISCIPLINAID, CAMPOID, NOMBRE) VALUES (216, 20, 'DISEÑO DE POLÍTICAS PÚBLICAS');
INSERT INTO DISCIPLINAS (DISCIPLINAID, CAMPOID, NOMBRE) VALUES (217, 20, 'ESTUDIOS DE OPINIÓN');
INSERT INTO DISCIPLINAS (DISCIPLINAID, CAMPOID, NOMBRE) VALUES (218, 20, 'GÉNERO, VIOLENCIA Y POLÍTICAS PÚBLICAS');
INSERT INTO DISCIPLINAS (DISCIPLINAID, CAMPOID, NOMBRE) VALUES (219, 20, 'INSTITUCIONES POLÍTICAS');
INSERT INTO DISCIPLINAS (DISCIPLINAID, CAMPOID, NOMBRE) VALUES (220, 20, 'OPINIÓN PÚBLICA');
INSERT INTO DISCIPLINAS (DISCIPLINAID, CAMPOID, NOMBRE) VALUES (221, 20, 'OTRAS ESPECIALIDADES POLÍTICAS');
INSERT INTO DISCIPLINAS (DISCIPLINAID, CAMPOID, NOMBRE) VALUES (222, 20, 'PLANEACIÓN Y POLÍTICAS METROPOLITANAS');
INSERT INTO DISCIPLINAS (DISCIPLINAID, CAMPOID, NOMBRE) VALUES (223, 20, 'POLÍTICA FISCAL Y HACIENDA PUBLICA NACIONALES');
INSERT INTO DISCIPLINAS (DISCIPLINAID, CAMPOID, NOMBRE) VALUES (224, 20, 'RELACIONES INTERNACIONALES');
INSERT INTO DISCIPLINAS (DISCIPLINAID, CAMPOID, NOMBRE) VALUES (225, 20, 'SISTEMAS POLÍTICOS');
INSERT INTO DISCIPLINAS (DISCIPLINAID, CAMPOID, NOMBRE) VALUES (226, 20, 'SOCIOLOGÍA POLÍTICA');
INSERT INTO DISCIPLINAS (DISCIPLINAID, CAMPOID, NOMBRE) VALUES (227, 20, 'TEORÍA POLÍTICA');
-- CAMPO DEMOGRAFÍA
INSERT INTO DISCIPLINAS (DISCIPLINAID, CAMPOID, NOMBRE) VALUES (228, 21, 'CARACTERÍSTICAS DE LA POBLACIÓN');
INSERT INTO DISCIPLINAS (DISCIPLINAID, CAMPOID, NOMBRE) VALUES (229, 21, 'DEMOGRAFÍA GENERAL');
INSERT INTO DISCIPLINAS (DISCIPLINAID, CAMPOID, NOMBRE) VALUES (230, 21, 'DEMOGRAFÍA GEOGRÁFICA');
INSERT INTO DISCIPLINAS (DISCIPLINAID, CAMPOID, NOMBRE) VALUES (231, 21, 'DEMOGRAFÍA HISTÓRICA');
INSERT INTO DISCIPLINAS (DISCIPLINAID, CAMPOID, NOMBRE) VALUES (232, 21, 'ESTUDIOS DE DEMOGRAFÍA - POBLACIÓN');
INSERT INTO DISCIPLINAS (DISCIPLINAID, CAMPOID, NOMBRE) VALUES (233, 21, 'ESTUDIOS DE GÉNERO');
INSERT INTO DISCIPLINAS (DISCIPLINAID, CAMPOID, NOMBRE) VALUES (234, 21, 'ESTUDIOS DE LA CIUDAD');
INSERT INTO DISCIPLINAS (DISCIPLINAID, CAMPOID, NOMBRE) VALUES (235, 21, 'ESTUDIOS DE LA MUJER');
INSERT INTO DISCIPLINAS (DISCIPLINAID, CAMPOID, NOMBRE) VALUES (236, 21, 'FERTILIDAD');
INSERT INTO DISCIPLINAS (DISCIPLINAID, CAMPOID, NOMBRE) VALUES (237, 21, 'MORTALIDAD');
-- CAMPO GEOGRAFÍA
INSERT INTO DISCIPLINAS (DISCIPLINAID, CAMPOID, NOMBRE) VALUES (238, 22, 'GEOGRAFÍA ECONÓMICA');
INSERT INTO DISCIPLINAS (DISCIPLINAID, CAMPOID, NOMBRE) VALUES (239, 22, 'GEOGRAFÍA HISTÓRICA');
INSERT INTO DISCIPLINAS (DISCIPLINAID, CAMPOID, NOMBRE) VALUES (240, 22, 'GEOGRAFÍA HUMANA');
INSERT INTO DISCIPLINAS (DISCIPLINAID, CAMPOID, NOMBRE) VALUES (241, 22, 'GEOGRAFÍA REGIONAL');
-- CAMPO GESTIÓN
INSERT INTO DISCIPLINAS (DISCIPLINAID, CAMPOID, NOMBRE) VALUES (242, 23, 'GESTIÓN DE INNOVACIÓN DE LAS TECNOLOGÍAS DE INFORMACIÓN Y COMUNICACIÓN');
INSERT INTO DISCIPLINAS (DISCIPLINAID, CAMPOID, NOMBRE) VALUES (243, 23, 'GESTIÓN DE LA TECNOLOGÍA');
INSERT INTO DISCIPLINAS (DISCIPLINAID, CAMPOID, NOMBRE) VALUES (244, 23, 'GESTIÓN SUSTENTABLE DEL AGUA');
INSERT INTO DISCIPLINAS (DISCIPLINAID, CAMPOID, NOMBRE) VALUES (245, 23, 'DESARROLLO CIENTÍFICO Y TECNOLÓGICO');
INSERT INTO DISCIPLINAS (DISCIPLINAID, CAMPOID, NOMBRE) VALUES (246, 23, 'BIBLIOTECOLOGÍA Y ESTUDIOS DE LA INFORMACIÓN');
-- CAMPO SOCIOLOGÍA
INSERT INTO DISCIPLINAS (DISCIPLINAID, CAMPOID, NOMBRE) VALUES (247, 24, 'CAMBIO Y DESARROLLO SOCIAL');
INSERT INTO DISCIPLINAS (DISCIPLINAID, CAMPOID, NOMBRE) VALUES (248, 24, 'COMUNICACIONES SOCIALES');
INSERT INTO DISCIPLINAS (DISCIPLINAID, CAMPOID, NOMBRE) VALUES (249, 24, 'GRUPOS SOCIALES');
INSERT INTO DISCIPLINAS (DISCIPLINAID, CAMPOID, NOMBRE) VALUES (250, 24, 'PROBLEMAS INTERNACIONALES');
INSERT INTO DISCIPLINAS (DISCIPLINAID, CAMPOID, NOMBRE) VALUES (251, 24, 'PROBLEMAS SOCIALES');
INSERT INTO DISCIPLINAS (DISCIPLINAID, CAMPOID, NOMBRE) VALUES (252, 24, 'SOCIOLOGÍA CULTURAL');
INSERT INTO DISCIPLINAS (DISCIPLINAID, CAMPOID, NOMBRE) VALUES (253, 24, 'SOCIOLOGÍA DE LOS ASENTAMIENTOS HUMANOS');
INSERT INTO DISCIPLINAS (DISCIPLINAID, CAMPOID, NOMBRE) VALUES (254, 24, 'SOCIOLOGÍA DEL TRABAJO');
INSERT INTO DISCIPLINAS (DISCIPLINAID, CAMPOID, NOMBRE) VALUES (255, 24, 'SOCIOLOGÍA EXPERIMENTAL');
INSERT INTO DISCIPLINAS (DISCIPLINAID, CAMPOID, NOMBRE) VALUES (256, 24, 'AREA - ESTUDIOS - CULTURAL - GÉNERO - ÉTNICOS');
INSERT INTO DISCIPLINAS (DISCIPLINAID, CAMPOID, NOMBRE) VALUES (257, 24, 'ASUNTOS URBANOS - ESTUDIOS');
INSERT INTO DISCIPLINAS (DISCIPLINAID, CAMPOID, NOMBRE) VALUES (258, 24, 'ESTUDIOS PARA LA PAZ Y EL DESARROLLO');
INSERT INTO DISCIPLINAS (DISCIPLINAID, CAMPOID, NOMBRE) VALUES (259, 24, 'FAMILIAS Y PREVENCIÓN DE LA VIOLENCIA');
INSERT INTO DISCIPLINAS (DISCIPLINAID, CAMPOID, NOMBRE) VALUES (260, 24, 'GESTIÓN DE PROYECTOS PARA EL DESARROLLO SOLIDARIO');
INSERT INTO DISCIPLINAS (DISCIPLINAID, CAMPOID, NOMBRE) VALUES (261, 24, 'SOCIOLOGÍA POLÍTICA');
INSERT INTO DISCIPLINAS (DISCIPLINAID, CAMPOID, NOMBRE) VALUES (262, 24, 'SOCIOLOGÍA RURAL');


-- DISCIPLINAS del Area VI: Biotecnología y Ciencias Agropecuarias
-- CAMPO AGRONOMÍA
INSERT INTO DISCIPLINAS (DISCIPLINAID, CAMPOID, NOMBRE) VALUES (263, 25, 'CIENCIAS DEL SUELO');
INSERT INTO DISCIPLINAS (DISCIPLINAID, CAMPOID, NOMBRE) VALUES (264, 25, 'ECONOMÍA AGRARIA Y SISTEMAS DE PRODUCCIÓN AGRICOLA');
INSERT INTO DISCIPLINAS (DISCIPLINAID, CAMPOID, NOMBRE) VALUES (265, 25, 'ENTOMOLOGÍA AGRICOLA');
INSERT INTO DISCIPLINAS (DISCIPLINAID, CAMPOID, NOMBRE) VALUES (266, 25, 'FISIOLOGÍA VEGETAL');
INSERT INTO DISCIPLINAS (DISCIPLINAID, CAMPOID, NOMBRE) VALUES (267, 25, 'FITOPATOLOGIA');
INSERT INTO DISCIPLINAS (DISCIPLINAID, CAMPOID, NOMBRE) VALUES (268, 25, 'FRUTICULTURA Y VITICULTURA');
INSERT INTO DISCIPLINAS (DISCIPLINAID, CAMPOID, NOMBRE) VALUES (269, 25, 'GENÉTICA VEGETAL');
INSERT INTO DISCIPLINAS (DISCIPLINAID, CAMPOID, NOMBRE) VALUES (270, 25, 'HORTICULTURA');
INSERT INTO DISCIPLINAS (DISCIPLINAID, CAMPOID, NOMBRE) VALUES (271, 25, 'INGENIERÍA AGRÍCOLA');
INSERT INTO DISCIPLINAS (DISCIPLINAID, CAMPOID, NOMBRE) VALUES (272, 25, 'INGENIERÍA FORESTAL');
INSERT INTO DISCIPLINAS (DISCIPLINAID, CAMPOID, NOMBRE) VALUES (273, 25, 'INGENIERÍA GENÉTICA');
INSERT INTO DISCIPLINAS (DISCIPLINAID, CAMPOID, NOMBRE) VALUES (274, 25, 'NUTRICIÓN VEGETAL, FERTILIZACIÓN DE CULTIVOS');
INSERT INTO DISCIPLINAS (DISCIPLINAID, CAMPOID, NOMBRE) VALUES (275, 25, 'PROPAGACIÓN DE PLANTAS');
INSERT INTO DISCIPLINAS (DISCIPLINAID, CAMPOID, NOMBRE) VALUES (276, 25, 'SILVICULTURA Y MANEJO DE BOSQUES');
INSERT INTO DISCIPLINAS (DISCIPLINAID, CAMPOID, NOMBRE) VALUES (277, 25, 'TECNOLOGÍA DE LA MADERA');
INSERT INTO DISCIPLINAS (DISCIPLINAID, CAMPOID, NOMBRE) VALUES (278, 25, 'AGROPLASTICULTURA');
INSERT INTO DISCIPLINAS (DISCIPLINAID, CAMPOID, NOMBRE) VALUES (279, 25, 'QUÍMICA DE SUELOS - MICROBIOLOGÍA');
INSERT INTO DISCIPLINAS (DISCIPLINAID, CAMPOID, NOMBRE) VALUES (280, 25, 'BOTÁNICA');
INSERT INTO DISCIPLINAS (DISCIPLINAID, CAMPOID, NOMBRE) VALUES (281, 25, 'CIENCIA Y TECNOLOGÍA DE LOS ALIMENTOS');
INSERT INTO DISCIPLINAS (DISCIPLINAID, CAMPOID, NOMBRE) VALUES (282, 25, 'CIENCIAS DE LA FLORICULTURA');
INSERT INTO DISCIPLINAS (DISCIPLINAID, CAMPOID, NOMBRE) VALUES (283, 25, 'FITOMEJORAMIENTO');
INSERT INTO DISCIPLINAS (DISCIPLINAID, CAMPOID, NOMBRE) VALUES (284, 25, 'FITOSANIDAD');
INSERT INTO DISCIPLINAS (DISCIPLINAID, CAMPOID, NOMBRE) VALUES (285, 25, 'MANEJO AGROECOLÓGICO DE PLAGAS Y ENFERMEDADES');
INSERT INTO DISCIPLINAS (DISCIPLINAID, CAMPOID, NOMBRE) VALUES (286, 25, 'MANEJO DE VIDA SILVESTRE');
INSERT INTO DISCIPLINAS (DISCIPLINAID, CAMPOID, NOMBRE) VALUES (287, 25, 'MANEJO SUSTENTABLE DE AGROECOSISTEMAS');
INSERT INTO DISCIPLINAS (DISCIPLINAID, CAMPOID, NOMBRE) VALUES (288, 25, 'PRODUCCIÓN Y TECNOLOGÍA DE SEMILLAS');
INSERT INTO DISCIPLINAS (DISCIPLINAID, CAMPOID, NOMBRE) VALUES (289, 25, 'RECURSOS NATURALES Y MEDIO AMBIENTE EN ZONAS ÁRIDAS');
INSERT INTO DISCIPLINAS (DISCIPLINAID, CAMPOID, NOMBRE) VALUES (290, 25, 'RESTAURACIÓN ECOLÓGICA');
INSERT INTO DISCIPLINAS (DISCIPLINAID, CAMPOID, NOMBRE) VALUES (291, 25, 'CIENCIA Y TECNOLOGÍA DE LOS RECURSOS FORESTALES');
INSERT INTO DISCIPLINAS (DISCIPLINAID, CAMPOID, NOMBRE) VALUES (292, 25, 'DESARROLLO DE PRODUCTOS BIÓTICOS');
INSERT INTO DISCIPLINAS (DISCIPLINAID, CAMPOID, NOMBRE) VALUES (293, 25, 'ECOLOGÍA FORESTAL');
INSERT INTO DISCIPLINAS (DISCIPLINAID, CAMPOID, NOMBRE) VALUES (294, 25, 'GESTIÓN INTEGRADA DE CUENCAS');
INSERT INTO DISCIPLINAS (DISCIPLINAID, CAMPOID, NOMBRE) VALUES (295, 25, 'HIDROCIENCIAS');
INSERT INTO DISCIPLINAS (DISCIPLINAID, CAMPOID, NOMBRE) VALUES (296, 25, 'RECURSOS GENÉTICOS Y PRODUCTIVIDAD');
-- CAMPO BIOTECNOLOGÍA
INSERT INTO DISCIPLINAS (DISCIPLINAID, CAMPOID, NOMBRE) VALUES (297, 26, 'BIOTECNOLOGÍA PRODUCTIVA');
INSERT INTO DISCIPLINAS (DISCIPLINAID, CAMPOID, NOMBRE) VALUES (298, 26, 'BIOTECNOLOGIA VEGETAL');
INSERT INTO DISCIPLINAS (DISCIPLINAID, CAMPOID, NOMBRE) VALUES (299, 26, 'BIOPROCESOS');
INSERT INTO DISCIPLINAS (DISCIPLINAID, CAMPOID, NOMBRE) VALUES (300, 26, 'BIOTECNOLOGÍA MARINA');
-- CAMPO PESCA
INSERT INTO DISCIPLINAS (DISCIPLINAID, CAMPOID, NOMBRE) VALUES (301, 27, 'PESCA Y PISICICULTURA');
INSERT INTO DISCIPLINAS (DISCIPLINAID, CAMPOID, NOMBRE) VALUES (302, 27, 'ACUACULTURA');
INSERT INTO DISCIPLINAS (DISCIPLINAID, CAMPOID, NOMBRE) VALUES (303, 27, 'BIOECONOMÍA PESQUERA Y ACUÍCOLA');
INSERT INTO DISCIPLINAS (DISCIPLINAID, CAMPOID, NOMBRE) VALUES (304, 27, 'RECURSOS ACUÁTICOS');
INSERT INTO DISCIPLINAS (DISCIPLINAID, CAMPOID, NOMBRE) VALUES (305, 27, 'CULTIVOS EN AMBIENTES CONTROLADOS');
-- CAMPO SALUD Y PRODUCCIÓN ANIMAL
INSERT INTO DISCIPLINAS (DISCIPLINAID, CAMPOID, NOMBRE) VALUES (306, 28, 'CIENCIAS VETERINARIAS');
INSERT INTO DISCIPLINAS (DISCIPLINAID, CAMPOID, NOMBRE) VALUES (307, 28, 'ENFERMEDADES VETERINARIAS');
INSERT INTO DISCIPLINAS (DISCIPLINAID, CAMPOID, NOMBRE) VALUES (308, 28, 'PRODUCCIÓN ANIMAL');
INSERT INTO DISCIPLINAS (DISCIPLINAID, CAMPOID, NOMBRE) VALUES (309, 28, 'ZOOTECNIA Y CIENCIAS PECUARIAS');
INSERT INTO DISCIPLINAS (DISCIPLINAID, CAMPOID, NOMBRE) VALUES (310, 28, 'MEDICINA VETERINARIA');
INSERT INTO DISCIPLINAS (DISCIPLINAID, CAMPOID, NOMBRE) VALUES (311, 28, 'NUTRICIÓN ANIMAL');
INSERT INTO DISCIPLINAS (DISCIPLINAID, CAMPOID, NOMBRE) VALUES (312, 28, 'REPRODUCCIÓN ANIMAL');


-- DISCIPLINAS del Area VII: Ingeniería e Industria
-- CAMPO INGENIERÍA Y TECNOLOGÍA
INSERT INTO DISCIPLINAS (DISCIPLINAID, CAMPOID, NOMBRE) VALUES (313, 29, 'CIENCIA E INGENIERÍA DE LA COMPUTACIÓN');
INSERT INTO DISCIPLINAS (DISCIPLINAID, CAMPOID, NOMBRE) VALUES (314, 29, 'CIENCIA Y TECNOLOGÍA DE ALIMENTOS');
INSERT INTO DISCIPLINAS (DISCIPLINAID, CAMPOID, NOMBRE) VALUES (315, 29, 'CIENCIA Y TECNOLOGÍA DE MATERIALES');
INSERT INTO DISCIPLINAS (DISCIPLINAID, CAMPOID, NOMBRE) VALUES (316, 29, 'CIENCIA Y TECNOLOGÍA DEL AGUA');
INSERT INTO DISCIPLINAS (DISCIPLINAID, CAMPOID, NOMBRE) VALUES (317, 29, 'CIENCIAS DE LA INFORMACIÓN');
INSERT INTO DISCIPLINAS (DISCIPLINAID, CAMPOID, NOMBRE) VALUES (318, 29, 'INGENIERÍA CERAMICA');
INSERT INTO DISCIPLINAS (DISCIPLINAID, CAMPOID, NOMBRE) VALUES (319, 29, 'CIENCIAS Y TECNOLOGÍA DE LA MADERA');
INSERT INTO DISCIPLINAS (DISCIPLINAID, CAMPOID, NOMBRE) VALUES (320, 29, 'COMERCIALIZACIÓN DE CONOCIMIENTOS INNOVADORES');
INSERT INTO DISCIPLINAS (DISCIPLINAID, CAMPOID, NOMBRE) VALUES (321, 29, 'CONTROL Y SISTEMAS DINÁMICOS');
INSERT INTO DISCIPLINAS (DISCIPLINAID, CAMPOID, NOMBRE) VALUES (322, 29, 'CURTIDO DE PIELES');
INSERT INTO DISCIPLINAS (DISCIPLINAID, CAMPOID, NOMBRE) VALUES (323, 29, 'DESARROLLO SUSTENTABLE Y GESTIÓN DE RIESGOS');
INSERT INTO DISCIPLINAS (DISCIPLINAID, CAMPOID, NOMBRE) VALUES (324, 29, 'DIRECCIÓN Y GESTIÓN DE PROYECTOS DE INGENIERÍA');
INSERT INTO DISCIPLINAS (DISCIPLINAID, CAMPOID, NOMBRE) VALUES (325, 29, 'DISEÑO AVANZADO');
INSERT INTO DISCIPLINAS (DISCIPLINAID, CAMPOID, NOMBRE) VALUES (326, 29, 'DISEÑO DE SISTEMAS EN CHIP');
INSERT INTO DISCIPLINAS (DISCIPLINAID, CAMPOID, NOMBRE) VALUES (327, 29, 'DISEÑO INTERACTIVO Y MANUFACTURA');
INSERT INTO DISCIPLINAS (DISCIPLINAID, CAMPOID, NOMBRE) VALUES (328, 29, 'ELECTRONICA NAVAL');
INSERT INTO DISCIPLINAS (DISCIPLINAID, CAMPOID, NOMBRE) VALUES (329, 29, 'ENERGÍA RENOVABLE');
INSERT INTO DISCIPLINAS (DISCIPLINAID, CAMPOID, NOMBRE) VALUES (330, 29, 'INGENIERÍA DE POLÍMEROS Y PLÁSTICOS');
INSERT INTO DISCIPLINAS (DISCIPLINAID, CAMPOID, NOMBRE) VALUES (331, 29, 'INGENIERÍA INDUSTRIAL Y MANUFACTURA');
INSERT INTO DISCIPLINAS (DISCIPLINAID, CAMPOID, NOMBRE) VALUES (332, 29, 'INGENIERÍA ADMINISTRATIVA');
INSERT INTO DISCIPLINAS (DISCIPLINAID, CAMPOID, NOMBRE) VALUES (333, 29, 'INGENIERÍA AEROESPACIAL Y AERONÁUTICA');
INSERT INTO DISCIPLINAS (DISCIPLINAID, CAMPOID, NOMBRE) VALUES (334, 29, 'INGENIERÍA AERONÁUTICA Y ESPACIAL');
INSERT INTO DISCIPLINAS (DISCIPLINAID, CAMPOID, NOMBRE) VALUES (335, 29, 'INGENIERÍA AGRÍCOLA');
INSERT INTO DISCIPLINAS (DISCIPLINAID, CAMPOID, NOMBRE) VALUES (336, 29, 'INGENIERÍA AMBIENTAL');
INSERT INTO DISCIPLINAS (DISCIPLINAID, CAMPOID, NOMBRE) VALUES (337, 29, 'INGENIERÍA AUTOMOTRIZ');
INSERT INTO DISCIPLINAS (DISCIPLINAID, CAMPOID, NOMBRE) VALUES (338, 29, 'INGENIERÍA BIOMÉDICA');
INSERT INTO DISCIPLINAS (DISCIPLINAID, CAMPOID, NOMBRE) VALUES (339, 29, 'INGENIERÍA BIOQUÍMICA');
INSERT INTO DISCIPLINAS (DISCIPLINAID, CAMPOID, NOMBRE) VALUES (340, 29, 'INGENIERÍA CIVIL');
INSERT INTO DISCIPLINAS (DISCIPLINAID, CAMPOID, NOMBRE) VALUES (341, 29, 'INGENIERÍA DE CALIDAD Y PRODUCTIVIDAD');
INSERT INTO DISCIPLINAS (DISCIPLINAID, CAMPOID, NOMBRE) VALUES (342, 29, 'INGENIERÍA DE CORROSIÓN');
INSERT INTO DISCIPLINAS (DISCIPLINAID, CAMPOID, NOMBRE) VALUES (343, 29, 'INGENIERÍA DE ESTRUCTURAS');
INSERT INTO DISCIPLINAS (DISCIPLINAID, CAMPOID, NOMBRE) VALUES (344, 29, 'INGENIERÍA DE INVERNADEROS');
INSERT INTO DISCIPLINAS (DISCIPLINAID, CAMPOID, NOMBRE) VALUES (345, 29, 'INGENIERÍA DE PETRÓLEO');
INSERT INTO DISCIPLINAS (DISCIPLINAID, CAMPOID, NOMBRE) VALUES (346, 29, 'INGENIERÍA DE PROCESOS BIOTECNOLÓGICOS');
INSERT INTO DISCIPLINAS (DISCIPLINAID, CAMPOID, NOMBRE) VALUES (347, 29, 'INGENIERÍA DE SISTEMAS');
INSERT INTO DISCIPLINAS (DISCIPLINAID, CAMPOID, NOMBRE) VALUES (348, 29, 'INGENIERÍA DE SISTEMAS ENERGÉTICOS');
INSERT INTO DISCIPLINAS (DISCIPLINAID, CAMPOID, NOMBRE) VALUES (349, 29, 'INGENIERÍA DE SOFTWARE');
INSERT INTO DISCIPLINAS (DISCIPLINAID, CAMPOID, NOMBRE) VALUES (350, 29, 'INGENIERÍA DE VÍAS TERRESTRES');
INSERT INTO DISCIPLINAS (DISCIPLINAID, CAMPOID, NOMBRE) VALUES (351, 29, 'INGENIERÍA ELÉCTRICA');
INSERT INTO DISCIPLINAS (DISCIPLINAID, CAMPOID, NOMBRE) VALUES (352, 29, 'INGENIERÍA ELECTRÓNICA');
INSERT INTO DISCIPLINAS (DISCIPLINAID, CAMPOID, NOMBRE) VALUES (353, 29, 'INGENIERÍA EN COMUNICACIONES');
INSERT INTO DISCIPLINAS (DISCIPLINAID, CAMPOID, NOMBRE) VALUES (354, 29, 'INGENIERÍA EN ENERGÍA');
INSERT INTO DISCIPLINAS (DISCIPLINAID, CAMPOID, NOMBRE) VALUES (355, 29, 'INGENIERÍA EN EXPLORACIÓN Y EXPLOTACIÓN DE RECURSOS NATURALES');
INSERT INTO DISCIPLINAS (DISCIPLINAID, CAMPOID, NOMBRE) VALUES (356, 29, 'INGENIERÍA EN MICROELECTRÓNICA');
INSERT INTO DISCIPLINAS (DISCIPLINAID, CAMPOID, NOMBRE) VALUES (357, 29, 'INGENIERÍA EN SEGURIDAD Y TECNOLOGÍAS DE LA INFORMACIÓN');
INSERT INTO DISCIPLINAS (DISCIPLINAID, CAMPOID, NOMBRE) VALUES (358, 29, 'INGENIERÍA EN TELECOMUNICACIONES');
INSERT INTO DISCIPLINAS (DISCIPLINAID, CAMPOID, NOMBRE) VALUES (359, 29, 'INGENIERÍA ENERGÉTICA');
INSERT INTO DISCIPLINAS (DISCIPLINAID, CAMPOID, NOMBRE) VALUES (360, 29, 'INGENIERÍA FÍSICA');
INSERT INTO DISCIPLINAS (DISCIPLINAID, CAMPOID, NOMBRE) VALUES (361, 29, 'INGENIERÍA FORESTAL');
INSERT INTO DISCIPLINAS (DISCIPLINAID, CAMPOID, NOMBRE) VALUES (362, 29, 'INGENIERÍA INDUSTRIAL');
INSERT INTO DISCIPLINAS (DISCIPLINAID, CAMPOID, NOMBRE) VALUES (363, 29, 'INGENIERÍA INFORMÁTICA');
INSERT INTO DISCIPLINAS (DISCIPLINAID, CAMPOID, NOMBRE) VALUES (364, 29, 'INGENIERÍA MARÍTIMA');
INSERT INTO DISCIPLINAS (DISCIPLINAID, CAMPOID, NOMBRE) VALUES (365, 29, 'INGENIERÍA MECÁNICA');
INSERT INTO DISCIPLINAS (DISCIPLINAID, CAMPOID, NOMBRE) VALUES (366, 29, 'INGENIERÍA MECATRÓNICA');
INSERT INTO DISCIPLINAS (DISCIPLINAID, CAMPOID, NOMBRE) VALUES (367, 29, 'INGENIERÍA NUCLEAR');
INSERT INTO DISCIPLINAS (DISCIPLINAID, CAMPOID, NOMBRE) VALUES (368, 29, 'INGENIERÍA QUÍMICA');
INSERT INTO DISCIPLINAS (DISCIPLINAID, CAMPOID, NOMBRE) VALUES (369, 29, 'INGENIERÍA METALURGÍA');
INSERT INTO DISCIPLINAS (DISCIPLINAID, CAMPOID, NOMBRE) VALUES (370, 29, 'INGENIERÍA TÉRMICA');
INSERT INTO DISCIPLINAS (DISCIPLINAID, CAMPOID, NOMBRE) VALUES (371, 29, 'INGENIERÍA Y ADMINISTRACIÓN DE LA CONSTRUCCIÓN');
INSERT INTO DISCIPLINAS (DISCIPLINAID, CAMPOID, NOMBRE) VALUES (372, 29, 'INTELIGENCIA ARTIFICIAL');
INSERT INTO DISCIPLINAS (DISCIPLINAID, CAMPOID, NOMBRE) VALUES (373, 29, 'INVESTIGACIÓN DE OPERACIONES');
INSERT INTO DISCIPLINAS (DISCIPLINAID, CAMPOID, NOMBRE) VALUES (374, 29, 'LOGÍSTICA Y DIRECCIÓN DE LA CADENA DE SUMINISTRO');
INSERT INTO DISCIPLINAS (DISCIPLINAID, CAMPOID, NOMBRE) VALUES (375, 29, 'MANUFACTURA AVANZADA');
INSERT INTO DISCIPLINAS (DISCIPLINAID, CAMPOID, NOMBRE) VALUES (376, 29, 'MINERÍA Y INGENIERÍA DE MINAS');
INSERT INTO DISCIPLINAS (DISCIPLINAID, CAMPOID, NOMBRE) VALUES (377, 29, 'NANOCIENCIAS Y NANOTECNOLOGÍAS');
INSERT INTO DISCIPLINAS (DISCIPLINAID, CAMPOID, NOMBRE) VALUES (378, 29, 'OPTOMECATRÓNICA');
INSERT INTO DISCIPLINAS (DISCIPLINAID, CAMPOID, NOMBRE) VALUES (379, 29, 'ROBÓTICA');
INSERT INTO DISCIPLINAS (DISCIPLINAID, CAMPOID, NOMBRE) VALUES (380, 29, 'SISTEMAS EMBEBIDOS');
INSERT INTO DISCIPLINAS (DISCIPLINAID, CAMPOID, NOMBRE) VALUES (381, 29, 'SISTEMAS INTELIGENTES MULTIMEDIA');
INSERT INTO DISCIPLINAS (DISCIPLINAID, CAMPOID, NOMBRE) VALUES (382, 29, 'TECNOLOGÍA DE LA SOLDADURA INDUSTRIAL');
INSERT INTO DISCIPLINAS (DISCIPLINAID, CAMPOID, NOMBRE) VALUES (383, 29, 'TECNOLOGÍA DEL TRANSPORTE');
INSERT INTO DISCIPLINAS (DISCIPLINAID, CAMPOID, NOMBRE) VALUES (384, 29, 'TERMOFLUIDOS');
INSERT INTO DISCIPLINAS (DISCIPLINAID, CAMPOID, NOMBRE) VALUES (385, 29, 'AUTOMATIZACIÓN Y CONTROL');
INSERT INTO DISCIPLINAS (DISCIPLINAID, CAMPOID, NOMBRE) VALUES (386, 29, 'BIOINGENIERÍA INGENIERÍA BIOMÉDICA');